var,value
a,6.334520522
b,6.105745782
c,2.00803531
d,3.990628473
e,7.822814947
f,6.773268186
