var,value,value2,value3
a,6.334520522,19.3622035985,223.4963904715
b,6.105745782,4.0989276287,161.8564546441
c,2.00803531,79.4701164714,231.713879584
d,3.990628473,20.0154620935,195.0370175695
e,7.822814947,48.2571099463,198.6955572376
f,6.773268186,12.4316623766,254.8264204983
